scenario,algorithm,weight_variant,run_id,seed,n_sensors,P_TX_max,w_E,w_R,best_fitness,n_evaluations,is_valid,validation_reason,E_total,min_link_margin,network_lifetime,los_count,nlos_count,los_ratio,elapsed_time
S1,PSO,energy_priority,1,1,6,0.0,0.7,0.3,4.200018281861754e-05,5000,True,OK,6.000026116945364e-05,44.36006966720842,99998,5,1,0.8333333333333334,0.40160393714904785
S1,PSO,energy_priority,2,2,6,0.0,0.7,0.3,4.2000101415368295e-05,5000,True,OK,6.0000144879097565e-05,33.76475673660521,99998,4,2,0.6666666666666666,0.42450594902038574
S1,PSO,energy_priority,3,3,6,0.0,0.7,0.3,4.200019525537702e-05,5000,True,OK,6.0000278936252895e-05,55.73816369942958,99998,4,2,0.6666666666666666,0.378493070602417
